Metric,Total DNN,SH DNN,DWH DNN
MAE,0.029674197459581438,0.029674197459581438,0.02954337098903368
MSE,0.0015237440256355358,0.0015237440256355358,0.0014890988517415086
RMSE,0.03129099863693876,0.03462196221766756,0.03858884361757305
R2,0.249358153811426,0.249358153811426,0.26642540188971786
Adjusted R2,0.5164892924176235,0.40878282321284076,0.2655415770727175
MAPE,1.5091426166410122,1.5091426166410122,1.462832101072273
